name,id,tags,planetary,decivRemove,script,desc,icon,order
Urbanisiertes Gemeinwesen,urbanized_polity,,,TRUE,com.fs.starfarer.api.impl.campaign.econ.UrbanizedPolity,"In diesem dichten und kosmopolitischen Bevölkerungszentrum leben, arbeiten und sterben Menschen aus allen Gesellschaftsschichten in den übereinander gestapelten Wohnkomplexen, Geschäftshallen und modularen Werkstätten.",graphics/icons/markets/urbanized_polity.png,130
Industrielles Gemeinwesen,industrial_polity,,,TRUE,com.fs.starfarer.api.impl.campaign.econ.IndustrialPolity,"Ein lebhaftes Industriezentrum. Die Politik der lokalen Regierung fördert eine florierende Industrie, auf Kosten aller anderen Unternehmen.",graphics/icons/markets/urbanized_polity.png,130
Ländliches Gemeinwesen,rural_polity,,,TRUE,com.fs.starfarer.api.impl.campaign.econ.RuralPolity,Ein dünn besiedeltes Gemeinwesen aus Gehöften und Inselgemeinden. In diesen unruhigen Zeiten werden Außenstehende im Allgemeinen mit Misstrauen behandelt.,graphics/icons/markets/rural_polity.png,130
Große Flüchtlingsbevölkerung,large_refugee_population,,,TRUE,com.fs.starfarer.api.impl.campaign.econ.LargeRefugeePopulation,"Verzweifelte Flüchtlinge, die vor einer Katastrophe fliehen, sind hier gelandet. Die Flüchtlinge leben am unteren Rand der Gesellschaft mit wenig Chancen auf Besserung und belasten die heimische Infrastruktur, da sie in einem angespannten halblegalen Status leben. Geringere Gesamtproduktion. Unter denjenigen, die versuchen, den erbärmlichen Lebensbedingungen zu entkommen, sind wahrscheinlich mehr potenzielle Besatzungsmitglieder zu finden.",graphics/icons/markets/refugee_population.png,140
Volturnische Hummergehege,volturnian_lobster_pens,"show_in_codex, codex_unlockable",TRUE,,com.fs.starfarer.api.impl.campaign.econ.ResourceDepositsCondition,"Eine Mischung aus verschiedenen Spezies der Alten Erde und ein wenig Fantasie brachten diese Kreatur hervor, die in den zermalmenden Tiefen des Meeresbodens von Volturn wild wächst. Der Geschmack soll außergewöhnlich sein.",graphics/icons/markets/lobster_pens.png,137
Stellvertretende Nachfrage,vice_demand,,,TRUE,com.fs.starfarer.api.impl.campaign.econ.ViceDemand,Die Nachfrage nach Lasterwaren ist hier ungewöhnlich hoch.,graphics/icons/markets/vice_demand.png,145
Organisierte Kriminalität,organized_crime,,,TRUE,com.fs.starfarer.api.impl.campaign.econ.OrganizedCrime,Durch kriminelle Aktivitäten werden Drogen und entnommene Organe produziert. Erhöht die Nachfrage nach Handwaffen (sowohl von verschiedenen Verbrecherbossen als auch von den Bürgern) und Marinesoldaten (von den lokalen Behörden).,graphics/icons/markets/organized_crime.png,148
Frontier,frontier,,,TRUE,com.fs.starfarer.api.impl.campaign.econ.Frontier,"Weit entfernt von den kosmopolitischen Bevölkerungszentren sind das bloße Überleben, die Selbstversorgung und die Beschränkung auf das Nötigste die Regeln an der Grenze. Die Nachfrage nach Waffen und Vorräten steigt, die Nachfrage nach Luxusgütern sinkt.",graphics/icons/markets/frontier.png,130
Schiffsabwrackzentrum,shipbreaking_center,,,TRUE,com.fs.starfarer.api.impl.campaign.econ.ShipbreakingCenter,Ein wichtiges Zentrum für das Abwracken von Schiffen in dieser Region des Sektors. Die Flotten der großen Fraktionen und viele andere Kunden aus den Kernwelten des Sektors lassen hier ihre Schiffe verschrotten.,graphics/icons/markets/shipbreaking.png,360
Handelszentrum,trade_center,,,TRUE,com.fs.starfarer.api.impl.campaign.econ.TradeCenter,"Als bedeutendes Handelszentrum legen hier Handelsschiffe aus dem ganzen Sektor an, in der Erwartung, einen Käufer für ihre Waren zu finden - und im Gegenzug etwas für einen guten Gewinn zu kaufen.",graphics/icons/markets/trade_center.png,280
Decivilized,decivilized,,,,com.fs.starfarer.api.impl.campaign.econ.Decivilized,"Hier gibt es kein stabiles Herrschaftssystem. Die Zivilisation ist zusammengebrochen und die derzeitige Bevölkerung ist praktisch unbekannt, obwohl Gruppen von Überlebenden, Banditen und Plünderern entdeckt werden können.",graphics/icons/markets/decivilized.png,130
Dezivilisierte Teilbevölkerung,decivilized_subpop,,,,com.fs.starfarer.api.impl.campaign.econ.DecivilizedSubpop,"In Teilen von $market wurde die Zivilisation wiederhergestellt, oft mit Hilfe eines Gauss-Gewehrs. Allerdings gibt es immer noch eine unbekannte Anzahl von Überlebenden, Banditen und Plünderern in den Randgebieten.",graphics/icons/markets/decivilized.png,130
Stillgelegter Bahnhof,abandoned_station,,,TRUE,com.fs.starfarer.api.impl.campaign.econ.AbandonedStation,Dieser Bahnhof ist aufgegeben.,graphics/icons/markets/abandoned.png,130
Heimwerkerindustrie,cottage_industry,,,TRUE,com.fs.starfarer.api.impl.campaign.econ.CottageIndustry,"$Market verfügt über eine beträchtliche Basis an arbeitsintensiver Leichtindustrie mit niedrigem Technologieniveau. Sie erhöht die Nachfrage nach einfachen organischen Brennstoffen und Materialien und bietet eine ineffiziente, wenn auch charmante handwerkliche Versorgung mit Haushaltswaren.",graphics/icons/markets/cottage_industry.png,230
Outpost,outpost,,,TRUE,com.fs.starfarer.api.impl.campaign.econ.Outpost,"$Market wird ähnlich wie eine Garnison oder ein großes Raumschiff geführt, mit einer festen offiziellen Kommandostruktur. Dies verbessert die Stabilität, erfordert aber auch einige Mitarbeiter, die sich um die interne Sicherheit kümmern.",graphics/icons/markets/outpost.png,130
Luddische Mehrheit,luddic_majority,"show_in_codex, codex_unlockable",,TRUE,com.fs.starfarer.api.impl.campaign.econ.LuddicMajority,,graphics/icons/markets/luddic_majority.png,142
Getarnte Minenfelder,stealth_minefields,,,TRUE,com.fs.starfarer.api.impl.campaign.econ.StealthMinefields,Ein Netz von versteckten Minen bietet $market Sicherheit vor neugierigen Außenstehenden. Verbessert die Stabilität.,graphics/icons/markets/stealth_mines.png,510
Regionale Hauptstadt,regional_capital,,,TRUE,com.fs.starfarer.api.impl.campaign.econ.RegionalCapital,"Ein wichtiges Zentrum für Verwaltung, Sicherheit und Logistik. Verbessert die Stabilität.",graphics/icons/markets/capital.png,500
Freier Hafen,free_market,show_in_codex,,TRUE,com.fs.starfarer.api.impl.campaign.econ.FreeMarket,"Die örtliche Hafenbehörde erlässt fast keine Vorschriften für den Warenverkehr. Die Einwanderungskontrollen sind ebenfalls gelockert, was zu einem verstärkten Zustrom von Menschen führt, wenn auch manchmal mit fragwürdigem Charakter. Dies kann dazu führen, dass andere Fraktionen diese Kolonie mit Misstrauen betrachten.",graphics/icons/markets/free_port.png,141
Geschlossene Immigration,closed_immigration,,,TRUE,com.fs.starfarer.api.impl.campaign.econ.ClosedImmigration,Offiziell ist die Einwanderung nach $market nicht erlaubt. In der Praxis führt dies zu einer erheblichen Verlangsamung der Gesamteinwanderung und schafft Raum für bestimmte Arten von Kriminellen.,graphics/icons/markets/vice_demand.png,142
,,,,,,,,
Unbewohnbare Welt,uninhabitable,,TRUE,,com.fs.starfarer.api.impl.campaign.econ.WorldUninhabitable,"Die Oberfläche von $market ist ein unfruchtbarer Planet, auf dem kein organisches Leben, wie wir es kennen, gedeihen kann, und Landwirtschaft ist außerhalb von versiegelten künstlichen Ökosystemen unmöglich.",graphics/icons/markets/uninhabitable_wide.png,10
Eiswelt,ice,,TRUE,,com.fs.starfarer.api.impl.campaign.econ.WorldIce,"Die Durchschnittstemperatur von $Market liegt weit unter dem Gefrierpunkt von Wasser, und einige übliche terranische atmosphärische Gase fallen als Schnee. Die Verwehungen und Gletscher aus leichten, flüchtigen Elementen können geerntet werden.",graphics/icons/markets/ice_world_wide.png,10
Welt der Wüste,desert,,TRUE,,com.fs.starfarer.api.impl.campaign.econ.WorldDesert,"$Market: Wüstenplanet. Eine xerophile Biosphäre hält eine Atmosphäre aufrecht, die nur mit einer Lichtmaske geatmet werden kann. Ackerbau ist fast unmöglich.",graphics/icons/markets/desert_world_wide.png,10
Trockene Welt,arid,,TRUE,,com.fs.starfarer.api.impl.campaign.econ.WorldArid,"$Market ist von weiten, trockenen Ebenen und Ödland bedeckt. Wasser ist selten, und Landwirtschaft im großen Stil ist schwierig.",graphics/icons/markets/arid_world_wide.png,10
Wasserwelt,water,,TRUE,,com.fs.starfarer.api.impl.campaign.econ.WorldWater,"Das Klima in $market ist günstig, aber die Landwirtschaft beschränkt sich weitgehend auf Aquakultur, und für die Entwicklung von Lebensräumen und Industrie ist eine hochspezialisierte Infrastruktur erforderlich.",graphics/icons/markets/water_world_wide.png,10
Dschungelwelt,jungle,,TRUE,,com.fs.starfarer.api.impl.campaign.econ.WorldJungle,"$Market ist eine feuchte, warme Dschungelwelt, die mit üppiger Vegetation und exotischen Lebensformen bedeckt ist, was die Landwirtschaft und die Aufrechterhaltung einer dauerhaften Infrastruktur erschwert.",graphics/icons/markets/jungle_world_wide.png,10
Terranische Welt,terran,,TRUE,,com.fs.starfarer.api.impl.campaign.econ.WorldTerran,"$Market kommt dem Zustand der alten Erde so nahe, wie es in diesem Sektor möglich ist, und bietet ideale Bedingungen für Landwirtschaft und Besiedlung.",graphics/icons/markets/terran_world_wide.png,10
Welt der unfruchtbaren Ränder,barren_marginal,,TRUE,,com.fs.starfarer.api.impl.campaign.econ.WorldBarrenMarginal,"Die unwirtlichen und unbarmherzigen Außenbedingungen auf $market sind für einen Menschen mit Atemmaske und Schutzausrüstung kaum überlebensfähig, obwohl bestimmte technisierte Terraforming-Flechten sie als ausreichend erträglich empfinden.",graphics/icons/markets/barren_desert_wide.png,10
Welt der Dämmerung,twilight,,TRUE,,com.fs.starfarer.api.impl.campaign.econ.WorldTwilight,"$market ist eine terraformierte Welt, deren Tage so lang sind wie die Jahreszeiten, und die mit ihrem Primärsystem verbunden ist. Dementsprechend hart sind die Tag-Nacht-Temperaturschwankungen selbst für technisiertes terranisches Leben. Inseln mit ""zivilisierten"", milden Biomen werden durch den umsichtigen Einsatz von Sonnenschirmen und Spiegeln erhalten.",graphics/icons/markets/twilight_terran_world.png,10
Tundra-Welt,tundra,,TRUE,,com.fs.starfarer.api.impl.campaign.econ.WorldTundra,"Das Terraforming hat terranisches Leben auf $market gebracht, aber die Welt bleibt so kalt wie die tiefste Eiszeit der Erde. Obwohl Millionen von Quadratkilometern mit Gletschern bedeckt sind, gibt es auch Taigaprovinzen und weite Steppen, in denen wärmere Bedingungen herrschen.",graphics/icons/markets/tundra_terran_wide.png,10
Kryovulkanische Welt,cryovolcanic,,TRUE,,com.fs.starfarer.api.impl.campaign.econ.WorldUninhabitable,"Eine Welt, die jenseits der tiefsten Kälte gefroren ist, auf der Methanschnee auf Berge von Wassereis fällt und Vulkane mit Ammoniak ausbrechen. Stellare Strahlung zersetzt die flüchtigen Stoffe und bildet eine Atmosphäre aus leichten Gasen wie Stickstoff und Sauerstoff, während Wasserstoff in den Weltraum geschleudert wird.",graphics/icons/markets/cryo_world_wide.png,10
,,,,,,,,
Dissidentenbevölkerung,dissident,,,TRUE,com.fs.starfarer.api.impl.campaign.econ.Dissident,"$Market ist eine Müllhalde für Dissidenten, Rebellen, Freidenker, Künstler und andere Unruhestifter. Erhöht die Nachfrage nach Waffen und Marinesoldaten zur Überwachung des Pöbels. Erhöht die Verfügbarkeit von Besatzungsmitgliedern aufgrund von Auswanderung.",graphics/icons/markets/dissidents.png,139
Headquarters,headquarters,,,TRUE,com.fs.starfarer.api.impl.campaign.econ.Headquarters,"$Market ist ein militärisches Befehls- und Logistikzentrum für das herrschende Gemeinwesen. Erhöht die Marktstabilität.

Erhöht die Qualität und Anzahl der Offiziere in den Flotten von $market",graphics/icons/markets/headquarters.png,360
Hydroponik-Komplex,hydroponics_complex,,,TRUE,com.fs.starfarer.api.impl.campaign.econ.Hydroponics,"Versiegelte landwirtschaftliche Produktionsanlagen in der Biosphäre, die den Anbau in der Umlaufbahn oder auf der Oberfläche unwirtlicher Welten ermöglichen. Erfordert eine Besatzung für den Betrieb, ein organisches Wachstumsmedium und schwere Maschinen für den Unterhalt.",graphics/icons/markets/hydroponics.png,120
,,,,,,,,
Population,population_1,,,TRUE,com.fs.starfarer.api.impl.campaign.econ.Population,Nur ein paar Dutzend Menschen leben hier dauerhaft.,graphics/icons/markets/population01.png,20
Population,population_2,,,TRUE,com.fs.starfarer.api.impl.campaign.econ.Population,Wenige hundert Menschen bevölkern $marketName.,graphics/icons/markets/population02.png,20
Population,population_3,,,TRUE,com.fs.starfarer.api.impl.campaign.econ.Population,Tausende von Menschen nennen $marketName ihr Zuhause.,graphics/icons/markets/population03.png,20
Population,population_4,,,TRUE,com.fs.starfarer.api.impl.campaign.econ.Population,Zehntausende von Menschen leben auf $marketName.,graphics/icons/markets/population04.png,20
Population,population_5,,,TRUE,com.fs.starfarer.api.impl.campaign.econ.Population,$MarketName ist die Heimat von Hunderttausenden von Menschen.,graphics/icons/markets/population05.png,20
Population,population_6,,,TRUE,com.fs.starfarer.api.impl.campaign.econ.Population,Die Bevölkerung von $marketName geht in die Millionen.,graphics/icons/markets/population06.png,20
Population,population_7,,,TRUE,com.fs.starfarer.api.impl.campaign.econ.Population,$MarketName ist eine Welt mit zig Millionen Menschen.,graphics/icons/markets/population07.png,20
Population,population_8,,,TRUE,com.fs.starfarer.api.impl.campaign.econ.Population,$MarketName ist eine der wenigen Welten des Sektors mit einer Bevölkerung von mehreren hundert Millionen Menschen.,graphics/icons/markets/population08.png,20
Population,population_9,,,TRUE,com.fs.starfarer.api.impl.campaign.econ.Population,Als wertvoller Zufluchtsort für die Menschheit in einer gefährlichen Galaxie ist $marketName die Heimat von Milliarden von Seelen.,graphics/icons/markets/population09.png,20
Population,population_10,,,TRUE,com.fs.starfarer.api.impl.campaign.econ.Population,"$MarketName ist ein dominierendes Bevölkerungszentrum im Sektor, das mit der Alten Erde konkurriert, da es die Heimat von mehreren Milliarden Menschen ist.",graphics/icons/markets/population10.png,20
,,,,,,,,
,,,,,,,,
,,,,,,,,
# Ereignisbezogene Marktbedingungen,,,,,,,,
Nahrungsmittelknappheit,event_food_shortage,,,TRUE,com.fs.starfarer.api.impl.campaign.econ.FoodShortage,"Vorübergehender Mangel an verfügbaren Lebensmitteln auf $market.
- Stabilität um $stabilityPenalty reduziert
- Ungefähr $neededFood Einheiten an Nahrungsmitteln werden benötigt, um den Mangel zu beenden
- Erhöhte Lebensmittelpreise aufgrund des verringerten Lebensmittelangebots
- Erhöhtes Ansehen und Erfahrung durch den Verkauf von Nahrungsmitteln",graphics/icons/markets/food_shortage.png,1000
Jüngste Unruhen,recent_unrest,show_in_codex,,TRUE,com.fs.starfarer.api.impl.campaign.econ.RecentUnrest,"$Market hat in letzter Zeit stürmische Ereignisse erlebt, die sich auf die Stabilität ausgewirkt haben.",graphics/icons/markets/recent_unrest.png,2000
Unterbrechung des Handels,event_trade_disruption,,,TRUE,com.fs.starfarer.api.impl.campaign.econ.TradeDisruption,"Handelsflotten, die von oder nach $market fahren, erleiden erhebliche Verluste. Schuld daran sind höchstwahrscheinlich Piraterie oder Krieg.

Die folgenden Waren sind betroffen:
$commoditySummary",graphics/icons/markets/trade_disruption.png,1100
Smuggling,event_smuggling,,,TRUE,com.fs.starfarer.api.impl.campaign.econ.Smuggling,"$market hat ein hohes Maß an Schmuggelaktivitäten zu verzeichnen.

- Durch $smugglingPenalty verringerte Stabilität",graphics/icons/markets/smuggling.png,1000
System-Prämie,event_bounty,,,TRUE,com.fs.starfarer.api.impl.campaign.econ.SystemBounty,,graphics/icons/markets/bounty.png,1000
Abtrünniger KI-Kern,rogue_ai_core,,,TRUE,com.fs.starfarer.api.impl.campaign.econ.RogueAICore,"Es gibt einen abtrünnigen KI-Kern, der auf oder in der Nähe von $market. operiert. Seine langfristigen Pläne und Ambitionen, die über sein eigenes Überleben hinausgehen, sind unbekannt.

Zumindest erschwert die Notwendigkeit, vor seinen möglichen Aktionen auf der Hut zu sein, den täglichen Betrieb und schafft einen fruchtbaren Boden für alarmierende Gerüchte.",graphics/icons/markets/rogue_ai.png,1200
AI Core Admin (versteckt),ai_core_admin,,,TRUE,com.fs.starfarer.api.impl.campaign.econ.AICoreAdmin,"Versteckte Bedingung, um zu verfolgen, wann der Kern nicht mehr entfernt werden kann. Benötigt kein Symbol.",graphics/icons/markets/rogue_ai.png,1000
Piraten-Aktivität,pirate_activity,,,TRUE,com.fs.starfarer.api.impl.campaign.intel.bases.PirateActivity,"Es gibt Anzeichen dafür, dass Piraten die Schifffahrt und die Kolonien in diesem System ins Visier nehmen - von Hafeninspektoren, die unter Druck gesetzt werden, ein Auge zuzudrücken, über Ungereimtheiten in Frachtmanifesten bis hin zu anderen verstärkten kriminellen Aktivitäten.

Die Piraten haben höchstwahrscheinlich irgendwo in der Nähe einen Stützpunkt.",graphics/icons/markets/pirate_activity.png,1300
Feindliche Aktivitäten,hostile_activity,,,TRUE,com.fs.starfarer.api.impl.campaign.intel.events.HostileActivity,,graphics/icons/markets/pirate_activity.png,1350
Pause für Piraten,piracy_respite,,,TRUE,com.fs.starfarer.api.impl.campaign.econ.PiracyRespite,"Diese Kolonie erlebt eine Atempause von den Plünderungen der Piraterie, die sonst in diesem Sektor so häufig vorkommen.",graphics/icons/markets/respite40.png,1375
Etabliertes Gemeinwesen,established_polity,,,TRUE,com.fs.starfarer.api.impl.campaign.econ.EstablishedPolity,,graphics/icons/markets/established_polity.png,1380
Blockaded,blockaded,,,TRUE,com.fs.starfarer.api.impl.campaign.econ.Blockaded,"Das System, in dem sich diese Kolonie befindet, ist von einer Blockade betroffen, und die reguläre Handelsschifffahrt leidet unter Schikanen oder Schlimmerem. Die Auswirkungen werden so lange anhalten, bis die Blockademacht abzieht oder vernichtend geschlagen wird.",graphics/icons/markets/blockade.png,1385
Luddic Path-Zellen,pather_cells,,,TRUE,com.fs.starfarer.api.impl.campaign.intel.bases.LuddicPathCells,,graphics/icons/markets/pather_cells.png,1400
,,,,,,,,
# Stand-alone-Bedingungen,,,,,,,,
Unterbrechung des Handels,shipping_disruption,,,TRUE,com.fs.starfarer.api.impl.campaign.econ.ShippingDisruption,,graphics/icons/markets/trade_disruption.png,1000
,,,,,,,,
# misc,,,,,,,,
Kommunikationsrelais (versteckt),comm_relay,,,TRUE,com.fs.starfarer.api.impl.campaign.econ.CommRelayCondition,Verborgene Bedingung; braucht kein Symbol.,,
,,,,,,,,
,,,,,,,,
# procgen Bedingungen,,,,,,,,
Habitable,habitable,,TRUE,,com.fs.starfarer.api.impl.campaign.econ.Habitable,Menschen können ungeschützt an der Oberfläche von $market. überleben.,graphics/icons/markets/habitable.png,21
,,,,,,,,
,,,,,,,,
Verstreute Ruinen,ruins_scattered,,TRUE,,com.fs.starfarer.api.impl.campaign.econ.BaseHazardCondition,"Diese Welt wurde von dem großen Projekt der Domain vor dem Zusammenbruch nur leicht berührt. Es gibt nur noch verstreute, zerbrochene Kuppeln, in denen vielleicht wertvolle Materialien gelagert sind.",graphics/icons/markets/ruins_scattered.png,100
Weite Ruinen,ruins_widespread,,TRUE,,com.fs.starfarer.api.impl.campaign.econ.BaseHazardCondition,"In ganz $market finden sich weit verbreitete Ruinen, Strahlungsflecken und das charakteristische Radar-Ping von geschäumten Keramikstrukturen, die auf eine kleine, aber konzertierte Besiedlungsaktion in der späten Expansionsphase von Domain hinweisen.",graphics/icons/markets/ruins_widespread.png,100
Ausgedehnte Ruinen,ruins_extensive,,TRUE,,com.fs.starfarer.api.impl.campaign.econ.BaseHazardCondition,"Überall auf der Oberfläche von $market finden sich zerstörte Städte, die von ihren mit gebrochenen Herzen versehenen Straßen und bröckelnden Magnetschwebebahnen bis hin zu den Skeletten von Fabriken, Aquaponik-Kuppeln und Kommunikationstürmen reichen.",graphics/icons/markets/ruins_extensive.png,100
Weite Ruinen,ruins_vast,,TRUE,,com.fs.starfarer.api.impl.campaign.econ.BaseHazardCondition,"$Market ist mit riesigen Ruinen bedeckt: Städte, Fabriken, Minen, Bauernhöfe, Häuser. Tote gibt es in Hülle und Fülle, verwoben mit verwertbaren Materialien, Waren, Werkzeugen und Waffen. Diese Welt ist ein Grab für die Hybris des Domain-Projekts der galaktischen Kolonisierung und Hegemonie.",graphics/icons/markets/ruins_vast.png,100
,,,,,,,,
,,,,,,,,
Cold,cold,,TRUE,,com.fs.starfarer.api.impl.campaign.econ.BaseHazardCondition,"Die niedrigen Temperaturen auf $market erfordern eine spezielle Ausrüstung für den normalen Betrieb, was die Lebenserhaltung und die Infrastruktur erschwert.",graphics/icons/markets/cold.png,25
Extreme Kälte,very_cold,,TRUE,,com.fs.starfarer.api.impl.campaign.econ.BaseHazardCondition,"Extreme Kälte erfordert eine spezielle Ausrüstung und ein spezielles Protokoll, um Operationen auf $market sicher durchzuführen, was die Logistik, die Lebenserhaltung und die Infrastruktur erschwert.",graphics/icons/markets/cold_extreme.png,25
,,,,,,,,
Hot,hot,,TRUE,,com.fs.starfarer.api.impl.campaign.econ.BaseHazardCondition,"Die hohen Temperaturen in $market erfordern eine spezielle Ausrüstung für den normalen Betrieb, was die Lebenserhaltung und die Infrastruktur erschwert.",graphics/icons/markets/hot.png,25
Extreme Hitze,very_hot,,TRUE,,com.fs.starfarer.api.impl.campaign.econ.BaseHazardCondition,"Die extreme Hitze erfordert eine spezielle Ausrüstung und ein spezielles Protokoll, um auf $market sicher zu arbeiten, was die Logistik, die Lebenserhaltung und die langfristige Stabilität der Infrastruktur erheblich erschwert.",graphics/icons/markets/hot_extreme.png,25
,,,,,,,,
,,,,,,,,
Tektonische Aktivität,tectonic_activity,,TRUE,,com.fs.starfarer.api.impl.campaign.econ.BaseHazardCondition,"Die Oberfläche von $market ist instabil und anfällig für starke Beben. Alle Bauwerke müssen besonders verstärkt werden, und jede Ausgrabung ist mit einem großen Risiko verbunden.",graphics/icons/markets/tectonic.png,26
Extreme tektonische Aktivität,extreme_tectonic_activity,,TRUE,,com.fs.starfarer.api.impl.campaign.econ.BaseHazardCondition,"Die Kruste von $market wird durch extreme Beben und kataklysmischen Vulkanismus chaotisch aufgewühlt. Jegliche Operationen erfordern außergewöhnliche Sorgfalt und den Einsatz von mehrfach redundanten Warnsystemen, damit die schlimmsten Gefahren vermieden werden können. Das Bauen auf dieser Welt kann immer nur als semipermanent angesehen werden.",graphics/icons/markets/tectonic_extreme.png,26
,,,,,,,,
,,,,,,,,
Keine Atmosphäre,no_atmosphere,,TRUE,,com.fs.starfarer.api.impl.campaign.econ.BaseHazardCondition,"Auf $market. gibt es keine nennenswerte Atmosphäre. Seine Oberfläche ist der harten Verwitterung des Weltraums, einem ständigen Nieselregen aus Strahlung und Mikrometeoriten ausgesetzt.",graphics/icons/markets/atmosphere_none.png,27
Dünne Atmosphäre,thin_atmosphere,,TRUE,,com.fs.starfarer.api.impl.campaign.econ.BaseHazardCondition,Die Oberfläche von $market ist von einer dünnen Atmosphäre umhüllt.,graphics/icons/markets/atmosphere_thin.png,27
Toxische Atmosphäre,toxic_atmosphere,,TRUE,,com.fs.starfarer.api.impl.campaign.econ.BaseHazardCondition,"Die Atmosphäre von $market ist außerordentlich giftig und korrosiv, reibt ungeschützte Oberflächen ab und erfordert die hermetische Abdichtung aller bewohnten Räume.",graphics/icons/markets/atmosphere_toxic.png,27
Dichte Atmosphäre,dense_atmosphere,,TRUE,,com.fs.starfarer.api.impl.campaign.econ.BaseHazardCondition,"Die Oberfläche von $market ist in eine dichte Atmosphäre gehüllt, mit turbulenten Wirbeln an ihrem Scheitelpunkt und einer süßlichen Suppe an ihrem untersten Fußpunkt. Die Sensoren sind beeinträchtigt, und Operationen müssen mit Vorsicht vorgenommen werden.",graphics/icons/markets/atmosphere_dense.png,27
,,,,,,,,
,,,,,,,,
Mildes Klima,mild_climate,,TRUE,,com.fs.starfarer.api.impl.campaign.econ.MildClimate,"Das Klima von $market ist einladend und sanft; ein leichter Nebel begrüßt jeden Sonnenaufgang, bevor er sich in sanfte Wolken zurückzieht, die bei jedem Sonnenuntergang reizvoll leuchten.",graphics/icons/markets/climate_mild.png,28
Extremes Wetter,extreme_weather,,TRUE,,com.fs.starfarer.api.impl.campaign.econ.BaseHazardCondition,"Heftige Stürme mit Blitzen toben über den Himmel von $market. Obwohl er aus dem Orbit eine erhabene Schönheit ist, führt dies zu rauen Bedingungen auf der Oberfläche, die den Transport und die Besiedlung höchst unangenehm machen.",graphics/icons/markets/weather_extreme.png,28
,,,,,,,,
Niedrige Schwerkraft,low_gravity,,TRUE,,com.fs.starfarer.api.impl.campaign.econ.LowGravity,"Die Schwerkraft ist auf der Oberfläche von $market. außerordentlich gering, wenn auch deutlich über null g. Der Arbeitsablauf und der Betrieb von (relativ) schweren Maschinen wird durch die nicht standardisierten Verfahren erschwert, die erforderlich sind, um mit den veränderten Bedingungen von Reibung, Gewicht und Druckdynamik umzugehen.",graphics/icons/markets/gravity_low.png,24
Hohe Schwerkraft,high_gravity,,TRUE,,com.fs.starfarer.api.impl.campaign.econ.HighGravity,"Die Schwerkraft auf der Oberfläche von $market ist erdrückend hoch. Die Menschen benötigen angetriebene Exoskelette, um sich regelmäßig fortzubewegen, und finden selbst einfache Tätigkeiten anstrengend. Der ständige Aufenthalt auf der Erde ist bestenfalls zermürbend. Bei allen Operationen besteht erhöhte Absturzgefahr und - wenn die Spezialtechnik nicht mit angemessener Paranoia ausgeführt wird - die Gefahr des strukturellen Zusammenbruchs.",graphics/icons/markets/gravity_high.png,24
,,,,,,,,
Irradiated,irradiated,,TRUE,,com.fs.starfarer.api.impl.campaign.econ.BaseHazardCondition,"Die Oberfläche von $market ist von Strahlung verwüstet. Jedes Lebewesen muss sich in einem abgeschirmten Habitat aufhalten, um hier lange zu überleben. Ungehärtete Schaltkreise und nanoskalige Materialien oder Maschinen werden unter diesen rauen Bedingungen ebenfalls schnell versagen.",graphics/icons/markets/irradiated.png,29
,,,,,,,,
,,,,,,,,
Feindliche Biosphäre,inimical_biosphere,,TRUE,,com.fs.starfarer.api.impl.campaign.econ.LCAttractorLow,"Die Biosphäre von $market ist für ungeschützte menschliche Wesen tödlich. Während die Bedingungen für Biowissenschaftler faszinierend sind, werden die Techniker an der Oberfläche bei der Durchführung von Routineaufgaben durch strenge Quarantäneprotokolle behindert.",graphics/icons/markets/inimical_biosphere.png,30
,,,,,,,,
Wasserbedeckte Oberfläche,water_surface,,TRUE,,com.fs.starfarer.api.impl.campaign.econ.ResourceDepositsCondition,"Es handelt sich um eine Welt im Ozean, in der es keine feste Oberfläche gibt, auf der man landen, gehen oder bauen könnte. Der Einsatz wird durch die Notwendigkeit einer speziellen Ausbildung und Ausrüstung erschwert.",graphics/icons/markets/water_covered.png,31
,,,,,,,,
Schlechtes Licht,poor_light,,TRUE,,com.fs.starfarer.api.impl.campaign.econ.BaseHazardCondition,Das Licht von $market's primärem Licht spendet dieser Welt nur schwache Erleuchtung und Energie.,graphics/icons/markets/poor_light.png,32
Darkness,dark,,TRUE,,com.fs.starfarer.api.impl.campaign.econ.BaseHazardCondition,Die Oberfläche von $market ist dunkel und schattenreich und wird von seinem Primärlicht praktisch nicht beleuchtet.,graphics/icons/markets/darkness.png,32
,,,,,,,,
Meteoriteneinschläge,meteor_impacts,,TRUE,,com.fs.starfarer.api.impl.campaign.econ.BaseHazardCondition,"Diese Welt wird in erschreckendem Tempo von regelmäßigen Meteoritenschauern bombardiert. Jeder menschliche Bewohner, und sei es auch nur vorübergehend, muss ein wachsames Auge auf den Himmel haben. Alle dauerhaften Einrichtungen sollten am besten tief vergraben und gut befestigt werden.",graphics/icons/markets/meteor_impacts.png,33
,,,,,,,,
,,,,,,,,
Pollution,pollution,,,,com.fs.starfarer.api.impl.campaign.econ.Pollution,"Die menschliche Industrie hat diese Welt mit Dioxinen, Schwefelverbindungen, Asche und dem ständigen Ticken von zerfallendem radioaktivem Staub überzogen. Plastikfetzen kleben an Scherben von Schaumstoff, der Himmel ist auf einen toten Kanal eingestellt.",graphics/icons/markets/pollution.png,110
,,,,,,,,
,,,,,,,,
Spärliche Erzvorkommen,ore_sparse,,TRUE,,com.fs.starfarer.api.impl.campaign.econ.ResourceDepositsCondition,"Hier gibt es einige spärliche Erzvorkommen, die jedoch eher von akademischem als von industriellem Interesse sind, da ihr Abbau kaum wirtschaftlich ist.",graphics/icons/markets/ore_sparse.png,50
Mäßige Erzvorkommen,ore_moderate,,TRUE,,com.fs.starfarer.api.impl.campaign.econ.ResourceDepositsCondition,"$Market enthält mäßige Erzvorkommen, die unter den richtigen wirtschaftlichen Bedingungen gewinnbringend abgebaut werden könnten.",graphics/icons/markets/ore_moderate.png,50
Reichhaltige Erzvorkommen,ore_abundant,,TRUE,,com.fs.starfarer.api.impl.campaign.econ.ResourceDepositsCondition,"Reichlich vorhandene, weit verbreitete und gewinnbringend abbaubare Erzvorkommen finden sich auf $market.",graphics/icons/markets/ore_abundant.png,50
Reiche Erzvorkommen,ore_rich,,TRUE,,com.fs.starfarer.api.impl.campaign.econ.ResourceDepositsCondition,"Reiche Mineralienvorkommen bilden ein dickes Gitter in der Kruste von $market, aber es bedarf eines ehrgeizigen Industriellen, um sie für märchenhaften Profit auszubeuten.",graphics/icons/markets/ore_rich.png,50
Ultrareiche Erzlagerstätten,ore_ultrarich,,TRUE,,com.fs.starfarer.api.impl.campaign.econ.ResourceDepositsCondition,"Auf $market gibt es Bodenschätze, die die kühnsten Fantasien der legendären Bergbau-Megakonzerne der Domain-Ära übertreffen.",graphics/icons/markets/ore_ultrarich.png,50
,,,,,,,,
,,,,,,,,
Spärliche Seltene Erzlagerstätten,rare_ore_sparse,,TRUE,,com.fs.starfarer.api.impl.campaign.econ.ResourceDepositsCondition,"Hier gibt es einige spärliche transplutonische Erzvorkommen, die jedoch eher von akademischem als von industriellem Interesse sind, da ihr Abbau kaum wirtschaftlich ist.",graphics/icons/markets/rareore_sparse.png,60
Mäßige Seltene Erzlagerstätten,rare_ore_moderate,,TRUE,,com.fs.starfarer.api.impl.campaign.econ.ResourceDepositsCondition,"$Market verfügt über bescheidene transplutonische Vorkommen, die mit nachhaltiger Industrie und Investitionen gewinnbringend erschlossen werden könnten.",graphics/icons/markets/rareore_moderate.png,60
Seltene Erzvorkommen im Überfluss,rare_ore_abundant,,TRUE,,com.fs.starfarer.api.impl.campaign.econ.ResourceDepositsCondition,"In der Kruste von $market gab es reichlich transplutonische Vorkommen, genug, um die Ambitionen eines jeden lohnenden Kriegsherrn oder Magnaten zu befriedigen.",graphics/icons/markets/rareore_abundant.png,60
Reiche Seltene-Erz-Lagerstätten,rare_ore_rich,,TRUE,,com.fs.starfarer.api.impl.campaign.econ.ResourceDepositsCondition,"Dicke Bänder von Transplutonics breiteten sich mit glorreicher Fülle in der Kruste von $market aus und versprachen große und mächtige Macht für diejenigen, die sie nur ausstrecken und nehmen würden.",graphics/icons/markets/rareore_rich.png,60
Ultrareiche Seltene-Erz-Lagerstätten,rare_ore_ultrarich,,TRUE,,com.fs.starfarer.api.impl.campaign.econ.ResourceDepositsCondition,"Die transplutonischen Ablagerungen, die mit unglaublicher Dichte auf dem Sensorgitter schimmern, lassen eine Macht erahnen, die mächtige Kriegsflotten schmieden könnte, um Welten in Schutt und Asche zu legen - oder eine Ära der Pracht und des Reichtums für ein Volk von Kristalltürmen, wie es sie in den Zyklen vor dem Kollaps der Domain gab.",graphics/icons/markets/rareore_ultrarich.png,60
,,,,,,,,
,,,,,,,,
Spuren von flüchtigen Stoffen,volatiles_trace,,TRUE,,com.fs.starfarer.api.impl.campaign.econ.ResourceDepositsCondition,Die hier gefundenen Spuren von flüchtigen Stoffen rechtfertigen kaum eine Ernte.,graphics/icons/markets/volatiles_trace.png,40
Diffuse flüchtige Stoffe,volatiles_diffuse,,TRUE,,com.fs.starfarer.api.impl.campaign.econ.ResourceDepositsCondition,"Hier sind diffuse flüchtige Stoffe zu finden, die für eine industrielle Extraktion ausreichen können.",graphics/icons/markets/volatiles_diffuse.png,40
Reichlich vorhandene flüchtige Stoffe,volatiles_abundant,,TRUE,,com.fs.starfarer.api.impl.campaign.econ.ResourceDepositsCondition,Aus $market. können reichlich flüchtige Stoffe wirtschaftlich extrahiert werden,graphics/icons/markets/volatiles_abundant.png,40
Reichlich flüchtige Stoffe,volatiles_plentiful,,TRUE,,com.fs.starfarer.api.impl.campaign.econ.ResourceDepositsCondition,"$Market ist ein weltweiter Quell von flüchtigen Stoffen - reich, tief und stark.",graphics/icons/markets/volatiles_plentiful.png,40
,,,,,,,,
,,,,,,,,
Organische Spurenelemente,organics_trace,,TRUE,,com.fs.starfarer.api.impl.campaign.econ.ResourceDepositsCondition,"In $Market gibt es fast keine organischen Reserven mehr, obwohl ein gewisser Abbau möglich ist.",graphics/icons/markets/organics_trace.png,38
Gemeinsame organische Stoffe,organics_common,,TRUE,,com.fs.starfarer.api.impl.campaign.econ.ResourceDepositsCondition,Wirtschaftlich verwertbare Reserven an organischen Stoffen sind auf $market. zu finden.,graphics/icons/markets/organics_common.png,38
Reichhaltige Organika,organics_abundant,,TRUE,,com.fs.starfarer.api.impl.campaign.econ.ResourceDepositsCondition,"Unter der Oberfläche von $market fließt ein Fluss des Reichtums - für diejenigen, die ihn finden und anzapfen wollen.",graphics/icons/markets/organics_abundant.png,38
Reichlich Organisches,organics_plentiful,,TRUE,,com.fs.starfarer.api.impl.campaign.econ.ResourceDepositsCondition,"Reserven an wertvollen organischen Stoffen durchbrechen die Oberfläche von $market in Güssen über tiefen, dunklen Becken, die Ozeane von Reichtum versprechen, die direkt darunter zu finden sind.",graphics/icons/markets/organics_plentiful.png,38
,,,,,,,,
,,,,,,,,
Armes Ackerland,farmland_poor,,TRUE,,com.fs.starfarer.api.impl.campaign.econ.ResourceDepositsCondition,"Die terranische Pflanzenwelt wächst hier nur kümmerlich und mühsam. Es bräuchte Bauern, deren Talent ihrer Verzweiflung entspricht, um dieses Land fruchtbar zu machen.",graphics/icons/markets/farmland_poor.png,70
Angemessenes Ackerland,farmland_adequate,,TRUE,,com.fs.starfarer.api.impl.campaign.econ.ResourceDepositsCondition,"Eine robuste, terran-kompatible Biosphäre ermöglicht den landwirtschaftlichen Anbau auf $market.",graphics/icons/markets/farmland_adequate.png,70
Reiches Ackerland,farmland_rich,,TRUE,,com.fs.starfarer.api.impl.campaign.econ.ResourceDepositsCondition,"Die Felder von $market versprechen eine reiche Ernte zur Belohnung der Bauern, die dieses fruchtbare Land bearbeiten.",graphics/icons/markets/farmland_rich.png,70
Fruchtbares Ackerland,farmland_bountiful,,TRUE,,com.fs.starfarer.api.impl.campaign.econ.ResourceDepositsCondition,"$Market ist ein wahrer Garten Eden: blühend, üppig, üppig und leuchtend voller Pflanzen. Die Äste hängen tief und sind mit Früchten beladen; Felder mit goldenem Getreide schimmern in der krautigen Brise.",graphics/icons/markets/farmland_bountiful.png,70
,,,,,,,,
Orbitales Solarmodul,solar_array,"show_in_planet_list, planet_search",TRUE,,com.fs.starfarer.api.impl.campaign.econ.SolarArray,"Dieser Planet verfügt über eine Reihe von Sonnenschirmen oder Spiegeln im Orbit, die so positioniert sind, dass sie die Oberflächenbedingungen den terranischen Normen annähern.",graphics/icons/markets/solar_shade.png,101
